# key, cn, en,
menu.search.placeholder,"搜索：员工、文件、照片等","Search for people, file, photos..."
menu.fullscreen,全屏,Fullscreen
menu.fullscreen.exit,退出全屏,Exit Fullscreen
menu.clear.local.storage,清理本地缓存,Clear Local Storage
menu.lang,语言,Language
menu.main,主导航,Main Navigation
menu.dashboard,仪表盘,Dashboard
menu.dashboard.v1,默认页,Default
menu.dashboard.analysis,分析页,Analysis
menu.dashboard.monitor,监控页,Monitor
menu.dashboard.workplace,工作台,Workplace
menu.shortcut,快捷菜单,Shortcut
menu.widgets,小部件,Widgets
menu.alain,Alain,Alain
menu.style,样式,Style
menu.style.typography,字体排印,Typography
menu.style.gridmasonry,瀑布流,Grid Masonry
menu.style.colors,色彩,Colors
menu.delon,Delon 类库,Delon Lib
menu.delon.form,动态表单,Dynamic Form
menu.delon.table,简易表格,Simple table
menu.delon.util,工具集,Util
menu.delon.print,打印,Print
menu.delon.guard,路由守卫,Route Guard
menu.delon.cache,字典缓存,Cache
menu.delon.qr,二维码,QR
menu.delon.acl,基于角色访问控制,ACL
menu.delon.downfile,下载文件,Download File
menu.delon.xlsx,Excel操作,Excel
menu.delon.zip,本地解压缩,Zip
menu.pro,Antd Pro,Antd Pro
menu.form,表单页,Form
menu.form.basicform,基础表单,Basic Form
menu.form.stepform,分步表单,Step Form
menu.form.stepform.info,分步表单（填写转账信息）,Step Form(write transfer information)
menu.form.stepform.confirm,分步表单（确认转账信息）,Step Form(confirm transfer information)
menu.form.stepform.result,分步表单（完成）,Step Form(finished)
menu.form.advancedform,高级表单,Advanced Form
menu.list,列表页,List
menu.list.searchtable,查询表格,Search Table
menu.list.basiclist,标准列表,Basic List
menu.list.cardlist,卡片列表,Card List
menu.list.searchlist,搜索列表,Search List
menu.list.searchlist.articles,搜索列表（文章）,Search List(articles)
menu.list.searchlist.projects,搜索列表（项目）,Search List(projects)
menu.list.searchlist.applications,搜索列表（应用）,Search List(applications)
menu.profile,详情页,Profile
menu.profile.basic,基础详情页,Basic Profile
menu.profile.advanced,高级详情页,Advanced Profile
menu.result,结果页,Result
menu.result.success,成功页,Success
menu.result.fail,失败页,Fail
menu.exception,异常页,Exception
menu.exception.not-permission,403,403
menu.exception.not-find,404,404
menu.exception.server-error,500,500
menu.account,个人页,Account
menu.account.center,个人中心,Account Center
menu.account.settings,个人设置,Account Settings
menu.account.trigger,触发错误,Trigger Error
menu.account.logout,退出登录,Logout
menu.more,更多,More
menu.report,报表,Report
menu.report.relation,全屏关系图,Relation Map
menu.extras,扩展,Extra
menu.extras.helpcenter,帮助中心,Help Center
menu.extras.settings,设置,Settings
menu.extras.poi,门店,Poi
app.analysis.test,工专路 {{no}} 号店,Gongzhuan No.{{no}} shop
app.analysis.introduce,指标说明,Introduce
app.analysis.total-sales,总销售额,Total Sales
app.analysis.day-sales,日销售额,Day Sales
app.analysis.visits,访问量,Visits
app.analysis.visits-trend,访问量趋势,Visits Trend
app.analysis.visits-ranking,门店访问量排名,Visits Ranking
app.analysis.day-visits,日访问量,Day Visits
app.analysis.week,周同比,Week Ratio
app.analysis.day,日同比,Day Ratio
app.analysis.payments,支付笔数,Payments
app.analysis.conversion-rate,转化率,Conversion Rate
app.analysis.operational-effect,运营活动效果,Operational Effect
app.analysis.sales-trend,销售趋势,Stores Sales Trend
app.analysis.sales-ranking,门店销售额排名,Sales Ranking
app.analysis.all-year,全年,All Year
app.analysis.all-month,本月,All Month
app.analysis.all-week,本周,All Week
app.analysis.all-day,今日,All day
app.analysis.search-users,搜索用户数,Search Users
app.analysis.per-capita-search,人均搜索次数,Per Capita Search
app.analysis.online-top-search,线上热门搜索,Online Top Search
app.analysis.the-proportion-of-sales,销售额类别占比,The Proportion Of Sales
app.analysis.channel.all,全部渠道,ALL
app.analysis.channel.online,线上,Online
app.analysis.channel.stores,门店,Stores
app.analysis.sales,销售额,Sales
app.analysis.traffic,客流量,Traffic
app.analysis.table.rank,排名,Rank
app.analysis.table.search-keyword,搜索关键词,Keyword
app.analysis.table.users,用户数,Users
app.analysis.table.weekly-range,周涨幅,Weekly Range
app.monitor.trading-activity,活动实时交易情况,Real-Time Trading Activity
app.monitor.total-transactions,今日交易总额,Total transactions today
app.monitor.sales-target,销售目标完成率,Sales target completion rate
app.monitor.remaining-time,活动剩余时间,Remaining time of activity
app.monitor.total-transactions-per-second,每秒交易总额,Total transactions per second
app.monitor.activity-forecast,活动情况预测,Activity forecast
app.monitor.efficiency,券核效率,Efficiency
app.monitor.ratio,跳出率,Ratio
app.monitor.proportion-per-category,各品类占比,Proportion Per Category
app.monitor.fast-food,中式快餐,Fast food
app.monitor.western-food,西餐,Western food
app.monitor.hot-pot,火锅,Hot pot
app.monitor.waiting-for-implementation,等待后期实现,Waiting for implementation
app.monitor.popular-searches,热门搜索,Popular Searches
app.monitor.resource-surplus,资源剩余,Resource Surplus
app.monitor.fund-surplus,补贴资金剩余,Fund Surplus
app.lock,锁屏,Lock
app.login.message-invalid-credentials,账户或密码错误（admin/ant.design）,Invalid username or password（admin/ant.design）
app.login.message-invalid-verification-code,验证码错误,Invalid verification code
app.login.tab-login-credentials,登录,Login
app.login.tab-login-mobile,手机号登录,Mobile No.
app.login.remember-me,自动登录,Remember me
app.login.forgot-password,忘记密码,Forgot password?
app.login.sign-in-with,其他登录方式,Sign in with
app.login.signup,注册账户,Sign up
app.login.login,登录,Login
app.register.register,注册,Register
app.register.get-verification-code,获取验证码,Get code
app.register.sign-in,使用已有账户登录,Already have an account?
app.register-result.msg,你的账户：{{email}} 注册成功,Account：registered at {{email}}
app.register-result.activation-email,激活邮件已发送到你的邮箱中，邮件有效期为24小时。请及时登录邮箱，点击邮件中的链接激活帐户。,The activation email has been sent to your email address and is valid for 24 hours. Please log in to the email in time and click on the link in the email to activate the account.
app.register-result.back-home,返回首页,Back to home
app.register-result.view-mailbox,查看邮箱,View mailbox
validation.email.required,请输入邮箱地址！,Please enter your email!
validation.email.wrong-format,邮箱地址格式错误！,The email address is in the wrong format!
validation.password.required,请输入密码！,Please enter your password!
validation.password.twice,两次输入的密码不匹配!,The passwords entered twice do not match!
validation.password.strength.msg,请至少输入 6 个字符。请不要使用容易被猜到的密码。,Please enter at least 6 characters and don't use passwords that are easy to guess.
validation.password.strength.strong,强度：强,Strength: strong
validation.password.strength.medium,强度：中,Strength: medium
validation.password.strength.short,强度：太短,Strength: too short
validation.confirm-password.required,请确认密码！,Please confirm your password!
validation.phone-number.required,请输入手机号！,Please enter your phone No.!
validation.phone-number.wrong-format,手机号格式错误！,Malformed phone No.!
validation.verification-code.required,请输入验证码！,Please enter the verification code!
validation.title.required,请输入标题,Please enter a title
validation.date.required,请选择起止日期,Please select the start and end date
validation.goal.required,请输入目标描述,Please enter a description of the goal
validation.standard.required,请输入衡量标准,Please enter a metric
------------------------------------------------组件自带的翻译end,---------------------,---------------------
------------------------------------------------以上为币种管理start,---------------------,---------------------
curr_008,ALL-阿尔巴尼亚,ALL-ALL
curr_012,DZD-AlgerianDinar,DZD-AlgerianDinar
curr_032,ARS-阿根廷比索,ARS-ArgentinePeso
curr_036,AUD-澳元,AUD-AustraliaDollars
curr_044,BSD-巴哈马元,BSD-BahamianDollar
curr_048,BHD-巴林币,BHD-BahrainiDinar
curr_050,BDT-孟加拉塔卡,BDT-BDT
curr_051,AMD-亚美尼亚,AMD-AMD
curr_052,BBD-巴巴多斯元,BBD-BBD
curr_060,BMD-百慕大,BMD-BermudianDollar
curr_064,BTN-Ngultrum,BTN-Ngultrum
curr_068,BOB-玻利维亚,BOB-BOB
curr_072,BWP-Pula,BWP-Pula
curr_084,BZD-伯利兹,BZD-BZD
curr_090,SBD-SolomonIslandsDol,SBD-SolomonIslandsDollar
curr_096,BND-文莱元,BND-BruneiDollar
curr_104,MMK-Kyat,MMK-Kyat
curr_108,BIF-BurundiFranc,BIF-BurundiFranc
curr_116,KHR-Riel,KHR-Riel
curr_124,CAD-加拿大元,CAD-CND
curr_132,CVE-CapeVerdeEscudo,CVE-CapeVerdeEscudo
curr_136,KYD-开曼群岛,KYD-KYD
curr_144,LKR-斯里兰卡,LKR-SriLankaRupee
curr_152,CLP-智利,CLP-ChileanPeso
curr_156,CNY-人民币元,CNY-CNY
curr_170,COP-哥伦比亚,COP-ColombianPeso
curr_174,KMF-ComoroFranc,KMF-ComoroFranc
curr_188,CRC-哥斯达黎加,CRC-CRC
curr_191,HRK-克罗地亚币,HRK-HRK
curr_192,CUP-CubanPeso,CUP-CubanPeso
curr_203,CZK-捷克,CZK-Koruna
curr_208,DKK-丹麦克朗,DKK-DanishKrone
curr_214,DOP-多米尼加比索,DOP-DOP
curr_222,SVC-萨尔瓦多,SVC-SVC
curr_230,ETB-EthiopianBirr,ETB-EthiopianBirr
curr_232,ERN-Nafka,ERN-Nafka
curr_233,EEK-爱沙尼亚,EEK-Kroon
curr_238,FKP-FalklandIslandsPo,FKP-FalklandIslandsPound
curr_242,FJD-FijiDollar,FJD-FijiDollar
curr_262,DJF-DjiboutiFranc,DJF-DjiboutiFranc
curr_270,GMD-Dalasi,GMD-Dalasi
curr_288,GHC-加纳塞地,GHC-GHANACEDI
curr_292,GIP-GibraltarPound,GIP-GibraltarPound
curr_318,FIM-芬兰马克,FIM-markka
curr_320,GTQ-危地马拉,GTQ-GTQ
curr_324,GNF-GuineaFranc,GNF-GuineaFranc
curr_326,NOK-挪威克朗,NOK-Norwegiankrone
curr_328,GYD-GuyanaDollar,GYD-GuyanaDollar
curr_330,SEK-瑞典克朗,SEK-Swedishkrona
curr_332,HTG-Gourde,HTG-Gourde
curr_340,HNL-洪图拉斯元,HNL-HNL
curr_344,HKD-港元,HKD-HKD
curr_348,HUF-匈牙利,HUF-Forint
curr_352,ISK-冰岛克朗,ISK-IcelandKrona
curr_356,INR-印度卢比,INR-IndianRupee
curr_360,IDR-印尼卢比,IDR-Rupiah
curr_364,IRR-伊朗里亚尔,IRR-IranianRial
curr_368,IQD-伊拉克第纳尔,IQD-IraqiDinar
curr_376,ILS-新谢克尔,ILS-Sheqel
curr_388,JMD-牙买加,JMD-JamaicanDollar
curr_392,JPY-日元,JPY-Yen
curr_398,KZT-哈萨克坚戈,KZT-Tenge
curr_400,JOD-约旦第纳尔,JOD-JOD
curr_404,KES-肯尼亚,KES-KenyanShilling
curr_408,KPW-NorthKoreanWon,KPW-NorthKoreanWon
curr_410,KRW-韩圆,KRW-KOREA
curr_414,KWD-科威特第纳尔,KWD-Kuwait
curr_417,KGS-SOM,KGS-SOM
curr_418,LAK-Kip,LAK-Kip
curr_422,LBP-黎巴嫩镑,LBP-LebanesePound
curr_426,LSL-Loti,LSL-Loti
curr_428,LVL-拉脱维亚币,LVL-LVL
curr_430,LRD-利比里亚,LRD-LRD
curr_434,LYD-LibyanDinar,LYD-LibyanDinar
curr_440,LTL-立陶宛币,LTL-LTL
curr_446,MOP-澳门元,MOP-MOP
curr_454,MWK-马拉维,MWK-MWK
curr_458,MYR-马来西亚林吉特,MYR-MalaysianRinggit
curr_462,MVR-马尔代夫,MVR-Rufiyaa
curr_478,MRO-Ouguiya,MRO-Ouguiya
curr_480,MUR-毛里求斯,MUR-MauritiusRupee
curr_484,MXN-墨西哥元,MXN-MSD
curr_496,MNT-蒙古图格里克,MNT-MNT
curr_498,MDL-MoldovanLeu,MDL-MoldovanLeu
curr_504,MAD-摩洛哥,MAD-MAD
curr_512,OMR-阿曼里亚尔,OMR-RialOmani
curr_516,NAD-Dollar,NAD-Dollar
curr_524,NPR-NepaleseRupee,NPR-NepaleseRupee
curr_532,ANG-荷属安的列斯,ANG-NetherlandsAntillianG
curr_533,AWG-阿鲁巴盾,AWG-AWG
curr_548,VUV-Vatu,VUV-Vatu
curr_554,NZD-新西兰元,NZD-NewZealandDollar
curr_558,NIO-CordobaOro,NIO-CordobaOro
curr_566,NGN-尼日利亚奈拉,NGN-NGN
curr_578,NOK-挪威克朗,NOK-NorwegianKrone
curr_586,PKR-巴基斯坦,PKR-PakistanRupee
curr_590,PAB-巴拿马,PAB-PAB
curr_598,PGK-Kina,PGK-Kina
curr_600,PYG-Guarani,PYG-Guarani
curr_604,PEN-秘鲁币,PEN-PEN
curr_608,PHP-菲律宾比索,PHP-peso
curr_634,QAR-卡塔尔里亚尔,QAR-QatariRial
curr_643,RUB-卢布,RUB-RussianRouble
curr_646,RWF-RwandaFranc,RWF-RwandaFranc
curr_654,SHP-St.HelenaPound,SHP-St.HelenaPound
curr_678,STD-Dobra,STD-Dobra
curr_682,SAR-沙特里亚尔,SAR-SaudiRiyal
curr_690,SCR-SeychellesRupee,SCR-SeychellesRupee
curr_694,SLL-Leone,SLL-Leone
curr_702,SGD-新加坡元,SGD-SGD
curr_703,SKK-斯洛伐克,SKK-SKK
curr_704,VND-越南盾,VND-dong
curr_706,SOS-SomaliShilling,SOS-SomaliShilling
curr_710,ZAR-南非兰特,ZAR-Rand
curr_728,SSP-South？Sudanese？Po,SSP-South？Sudanese？Pound
curr_736,SDN-苏丹第纳尔,SDN-SDN
curr_748,SZL-Lilangeni,SZL-Lilangeni
curr_752,SEK-瑞典克朗,SEK-SwedishKrona
curr_756,CHF-瑞士法郎,CHF-SwissFranc
curr_760,SYP-SyrianPound,SYP-SyrianPound
curr_764,THB-泰铢,THB-THB
curr_776,TOP-Pa’anga,TOP-Pa’anga
curr_780,TTD-特立尼达和多巴哥元,TTD-TTD
curr_784,AED-UAE迪拉姆,AED-UAEDirham
curr_788,TND-TunisianDinar,TND-TunisianDinar
curr_800,UGX-UgandaShilling,UGX-UgandaShilling
curr_807,MKD-Denar,MKD-Denar
curr_818,EGP-埃及镑,EGP-EgytianPound
curr_826,GBP-英镑,GBP-PoundSterling
curr_834,TZS-TanzanianShilling,TZS-TanzanianShilling
curr_840,USD-美元,USD-USD
curr_858,UYU-乌拉圭,UYU-PesoUruguayo
curr_860,UZS-UzbekistanSum,UZS-UzbekistanSum
curr_862,VEB-委内瑞拉,VEB-Bolivar
curr_882,WST-Tala,WST-Tala
curr_886,YER-也门,YER-YER
curr_891,CSD-SerbianDinar,CSD-SerbianDinar
curr_901,TWD-新台币,TWD-NewTaiwanDollar
curr_931,CUC-PesoConvertible,CUC-PesoConvertible
curr_932,ZWL-ZimbabweDollar,ZWL-ZimbabweDollar
curr_934,TMT-NewManat,TMT-NewManat
curr_936,GHS-新赛地,GHS-GHS
curr_937,VEF-委内瑞拉,VEF-VEF
curr_938,SDG-SudanesePound,SDG-SudanesePound
curr_941,RSD-SerbianDinar,RSD-SerbianDinar
curr_943,MZN-Metical,MZN-Metical
curr_944,AZN-AzerbaijanianManat,AZN-AzerbaijanianManat
curr_946,RON-RON,RON-RON
curr_949,TRY-土耳其元,TRY-turkey
curr_950,XAF-CFAFrancBEAC,XAF-CFAFrancBEAC
curr_951,XCD-东加勒比元,XCD-XCD
curr_952,XOF-CFAFrancBCEAO,XOF-CFAFrancBCEAO
curr_953,XPF-CFP法郎,XPF-CFPFranc
curr_967,ZMW-Kwacha,ZMW-Kwacha
curr_968,SRD-SurinamDollar,SRD-SurinamDollar
curr_969,MGA-MalagasyAriary,MGA-MalagasyAriary
curr_970,COU-UnidaddeValorRea,COU-UnidaddeValorReal
curr_971,AFN-阿富汗尼,AFN-AFN
curr_972,TJS-Somoni,TJS-Somoni
curr_973,AOA-AngolaKwanza,AOA-AngolaKwanza
curr_974,BYR-BelarussianRuble,BYR-BelarussianRuble
curr_975,BGN-保加利亚,BGN-NewBulgarianLev
curr_976,CDF-CongoleseFranc,CDF-CongoleseFranc
curr_977,BAM-ConvertibleMark,BAM-ConvertibleMark
curr_978,EUR-欧元,EUR-EURO
curr_980,UAH-乌克兰元,UAH-UkraineHryvnia
curr_981,GEL-Lari,GEL-Lari
curr_984,BOV-Mvdol,BOV-Mvdol
curr_985,PLN-波兰,PLN-Poland
curr_986,BRL-巴西,BRL-BrazilianReal
curr_990,CLF-Unidadesdefomento,CLF-Unidadesdefomento
------------------------------------------------以上为币种管理end,---------------------,---------------------
------------------------------------------------以下为countryCode start,---------------------,---------------------
coun_020,AND-安道尔,AND-Andorra
coun_784,ARE-阿联酋,ARE-UnitedArabEmirates
coun_004,AFG-阿富汗,AFG-Afghanistan
coun_028,ATG-安提瓜和巴布达,ATG-Antigua&Barbuda
coun_660,AIA-安圭拉,AIA-Anguilla
coun_008,ALB-阿尔巴尼亚,ALB-Albania
coun_051,ARM-亚美尼亚,ARM-Armenia
coun_024,AGO-安哥拉,AGO-Angola
coun_010,ATA-南极洲,ATA-Antarctica
coun_032,ARG-阿根廷,ARG-Argentina
coun_016,ASM-美属萨摩亚,ASM-AmericanSamoa
coun_040,AUT-奥地利,AUT-Austria
coun_036,AUS-澳大利亚,AUS-Australia
coun_533,ABW-阿鲁巴,ABW-Aruba
coun_248,"ALA-奥兰群岛","ALA-AlandIsland,Ahvenanmaa"
coun_031,AZE-阿塞拜疆,AZE-Azerbaijan
coun_070,BIH-波黑,BIH-Bosnia&Herzegovina
coun_052,BRB-巴巴多斯,BRB-Barbados
coun_050,BGD-孟加拉,BGD-Bangladesh
coun_056,BEL-比利时,BEL-Belgium
coun_854,BFA-布基纳法索,BFA-Burkina
coun_100,BGR-保加利亚,BGR-Bulgaria
coun_048,BHR-巴林,BHR-Bahrain
coun_108,BDI-布隆迪,BDI-Burundi
coun_204,BEN-贝宁,BEN-Benin
coun_652,BLM-圣巴泰勒米岛,BLM-St.Barthelemy
coun_060,BMU-百慕大,BMU-Bermuda
coun_096,BRN-文莱,BRN-Brunei
coun_068,BOL-玻利维亚,BOL-Bolivia
coun_535,BES-荷兰加勒比区,BES-CaribbeanNetherlands
coun_076,BRA-巴西,BRA-Brazil
coun_044,BHS-巴哈马,BHS-TheBahamas
coun_064,BTN-不丹,BTN-Bhutan
coun_074,BVT-布韦岛,BVT-BouvetIsland
coun_072,BWA-博茨瓦纳,BWA-Botswana
coun_112,BLR-白俄罗斯,BLR-Belarus
coun_084,BLZ-伯利兹,BLZ-Belize
coun_124,CAN-加拿大,CAN-Canada
coun_166,CCK-科科斯群岛,CCK-Cocos(Keeling)Islands
coun_180,COD-刚果（金）,COD-DemocraticRepublicoftheCongo
coun_140,CAF-中非,CAF-CentralAfricanRepublic
coun_178,COG-刚果（布）,COG-RepublicoftheCongo
coun_756,CHE-瑞士,CHE-Switzerland
coun_384,CIV-科特迪瓦,CIV-IvoryCoast
coun_184,COK-库克群岛,COK-CookIslands
coun_152,CHL-智利,CHL-Chile
coun_120,CMR-喀麦隆,CMR-Cameroon
coun_156,CHN-中国,CHN-China
coun_170,COL-哥伦比亚,COL-Colombia
coun_188,CRI-哥斯达黎加,CRI-CostaRica
coun_192,CUB-古巴,CUB-Cuba
coun_132,CPV-佛得角,CPV-CapeVerde
coun_162,CXR-圣诞岛,CXR-ChristmasIsland
coun_196,CYP-塞浦路斯,CYP-Cyprus
coun_203,CZE-捷克,CZE-CzechRepublic
coun_276,DEU-德国,DEU-Germany
coun_262,DJI-吉布提,DJI-Djibouti
coun_208,DNK-丹麦,DNK-Denmark
coun_212,DMA-多米尼克,DMA-Dominica
coun_214,DOM-多米尼加,DOM-DominicanRepublic
coun_012,DZA-阿尔及利亚,DZA-Algeria
coun_218,ECU-厄瓜多尔,ECU-Ecuado
coun_233,EST-爱沙尼亚,EST-Estonia
coun_818,EGY-埃及,EGY-Egypt
coun_732,ESH-西撒哈拉,ESH-WesternSahara
coun_232,ERI-厄立特里亚,ERI-Eritrea
coun_724,ESP-西班牙,ESP-Spain
coun_231,ETH-埃塞俄比亚,ETH-Ethiopia
coun_246,FIN-芬兰,FIN-Finland
coun_242,FJI-斐济群岛,FJI-Fiji
coun_238,FLK-马尔维纳斯群岛（福克兰,FLK-FalklandIslands
coun_583,FSM-密克罗尼西亚联邦,FSM-FederatedStatesofMicronesia
coun_234,FRO-法罗群岛,FRO-FaroeIslands
coun_250,FRA-法国,FRA-France
coun_266,GAB-加蓬,GAB-Gabon
coun_826,GBR-英国,GBR-GreatBritain(UnitedKingdom;England)
coun_308,GRD-格林纳达,GRD-Grenada
coun_268,GEO-格鲁吉亚,GEO-Georgia
coun_254,GUF-法属圭亚那,GUF-FrenchGuiana
coun_831,GGY-根西岛,GGY-Guernsey
coun_288,GHA-加纳,GHA-Ghana
coun_292,GIB-直布罗陀,GIB-Gibraltar
coun_304,GRL-格陵兰,GRL-Greenland
coun_270,GMB-冈比亚,GMB-Gambia
coun_324,GIN-几内亚,GIN-Guinea
coun_312,GLP-瓜德罗普,GLP-Guadeloupe
coun_226,GNQ-赤道几内亚,GNQ-EquatorialGuinea
coun_300,GRC-希腊,GRC-Greece
coun_239,SGS-南乔治亚岛和南桑威奇群,SGS-SouthGeorgiaandtheSouthSandwichIslands
coun_320,GTM-危地马拉,GTM-Guatemala
coun_316,GUM-关岛,GUM-Guam
coun_624,GNB-几内亚比绍,GNB-Guinea-Bissau
coun_328,GUY-圭亚那,GUY-Guyana
coun_344,HKG-香港,HKG-HongKong
coun_334,HMD-赫德岛和麦克唐纳群岛,HMD-HeardIslandandMcDonaldIslands
coun_340,HND-洪都拉斯,HND-Honduras
coun_191,HRV-克罗地亚,HRV-Croatia
coun_332,HTI-海地,HTI-Haiti
coun_348,HUN-匈牙利,HUN-Hungary
coun_360,IDN-印尼,IDN-Indonesia
coun_372,IRL-爱尔兰,IRL-Ireland
coun_376,ISR-以色列,ISR-Israel
coun_833,IMN-马恩岛,IMN-IsleofMan
coun_356,IND-印度,IND-India
coun_086,IOT-英属印度洋领地,IOT-BritishIndianOceanTerritory
coun_368,IRQ-伊拉克,IRQ-Iraq
coun_364,IRN-伊朗,IRN-Iran
coun_352,ISL-冰岛,ISL-Iceland
coun_380,ITA-意大利,ITA-Italy
coun_832,JEY-泽西岛,JEY-Jersey
coun_388,JAM-牙买加,JAM-Jamaica
coun_400,JOR-约旦,JOR-Jordan
coun_392,JPN-日本,JPN-Japan
coun_404,KEN-肯尼亚,KEN-Kenya
coun_417,KGZ-吉尔吉斯斯坦,KGZ-Kyrgyzstan
coun_116,KHM-柬埔寨,KHM-Cambodia
coun_296,KIR-基里巴斯,KIR-Kiribati
coun_174,COM-科摩罗,COM-TheComoros
coun_659,KNA-圣基茨和尼维斯,KNA-St.Kitts&Nevis
coun_408,PRK-朝鲜,PRK-NorthKorea
coun_410,KOR-韩国,KOR-SouthKorea
coun_414,KWT-科威特,KWT-Kuwait
coun_136,CYM-开曼群岛,CYM-CaymanIslands
coun_398,KAZ-哈萨克斯坦,KAZ-Kazakhstan
coun_418,LAO-老挝,LAO-Laos
coun_422,LBN-黎巴嫩,LBN-Lebanon
coun_662,LCA-圣卢西亚,LCA-St.Lucia
coun_438,LIE-列支敦士登,LIE-Liechtenstein
coun_144,LKA-斯里兰卡,LKA-SriLanka
coun_430,LBR-利比里亚,LBR-Liberia
coun_426,LSO-莱索托,LSO-Lesotho
coun_440,LTU-立陶宛,LTU-Lithuania
coun_442,LUX-卢森堡,LUX-Luxembourg
coun_428,LVA-拉脱维亚,LVA-Latvia
coun_434,LBY-利比亚,LBY-Libya
coun_504,MAR-摩洛哥,MAR-Morocco
coun_492,MCO-摩纳哥,MCO-Monaco
coun_498,MDA-摩尔多瓦,MDA-Moldova
coun_499,MNE-黑山,MNE-Montenegro
coun_663,MAF-法属圣马丁,MAF-SaintMartin(France)
coun_450,MDG-马达加斯加,MDG-Madagascar
coun_584,MHL-马绍尔群岛,MHL-Marshallislands
coun_807,MKD-马其顿,MKD-RepublicofMacedonia(FYROM)
coun_466,MLI-马里,MLI-Mali
coun_104,MMR-缅甸,MMR-Myanmar(Burma)
coun_496,MNG-蒙古国；蒙古,MNG-Mongolia
coun_446,MAC-澳门,MAC-Macao
coun_580,MNP-北马里亚纳群岛,MNP-NorthernMarianaIslands
coun_474,MTQ-马提尼克,MTQ-Martinique
coun_478,MRT-毛里塔尼亚,MRT-Mauritania
coun_500,MSR-蒙塞拉特岛,MSR-Montserrat
coun_470,MLT-马耳他,MLT-Malta
coun_480,MUS-毛里求斯,MUS-Mauritius
coun_462,MDV-马尔代夫,MDV-Maldives
coun_454,MWI-马拉维,MWI-Malawi
coun_484,MEX-墨西哥,MEX-Mexico
coun_458,MYS-马来西亚,MYS-Malaysia
coun_508,MOZ-莫桑比克,MOZ-Mozambique
coun_516,NAM-纳米比亚,NAM-Namibia
coun_540,NCL-新喀里多尼亚,NCL-NewCaledonia
coun_562,NER-尼日尔,NER-Niger
coun_574,NFK-诺福克岛,NFK-NorfolkIsland
coun_566,NGA-尼日利亚,NGA-Nigeria
coun_558,NIC-尼加拉瓜,NIC-Nicaragua
coun_528,NLD-荷兰,NLD-Netherlands
coun_578,NOR-挪威,NOR-Norway
coun_524,NPL-尼泊尔,NPL-Nepal
coun_520,NRU-瑙鲁,NRU-Nauru
coun_570,NIU-纽埃,NIU-Niue
coun_554,NZL-新西兰,NZL-NewZealand
coun_512,OMN-阿曼,OMN-Oman
coun_591,PAN-巴拿马,PAN-Panama
coun_604,PER-秘鲁,PER-Peru
coun_258,PYF-法属波利尼西亚,PYF-Frenchpolynesia
coun_598,PNG-巴布亚新几内亚,PNG-PapuaNewGuinea
coun_608,PHL-菲律宾,PHL-ThePhilippines
coun_586,PAK-巴基斯坦,PAK-Pakistan
coun_616,POL-波兰,POL-Poland
coun_666,SPM-圣皮埃尔和密克隆,SPM-Saint-PierreandMiquelon
coun_612,PCN-皮特凯恩群岛,PCN-PitcairnIslands
coun_630,PRI-波多黎各,PRI-PuertoRico
coun_275,PSE-巴勒斯坦,PSE-Palestinianterritories
coun_620,PRT-葡萄牙,PRT-Portugal
coun_585,PLW-帕劳,PLW-Palau
coun_600,PRY-巴拉圭,PRY-Paraguay
coun_634,QAT-卡塔尔,QAT-Qatar
coun_638,REU-留尼汪,REU-Réunion
coun_642,ROU-罗马尼亚,ROU-Romania
coun_688,SRB-塞尔维亚,SRB-Serbia
coun_643,RUS-俄罗斯,RUS-RussianFederation
coun_646,RWA-卢旺达,RWA-Rwanda
coun_682,SAU-沙特阿拉伯,SAU-SaudiArabia
coun_090,SLB-所罗门群岛,SLB-SolomonIslands
coun_690,SYC-塞舌尔,SYC-Seychelles
coun_729,SDN-苏丹,SDN-Sudan
coun_752,SWE-瑞典,SWE-Sweden
coun_702,SGP-新加坡,SGP-Singapore
coun_654,SHN-圣赫勒拿,SHN-St.Helena&Dependencies
coun_705,SVN-斯洛文尼亚,SVN-Slovenia
coun_744,SJM-斯瓦尔巴群岛和扬马延岛,SJM-Template:CountrydataSJMSvalbard
coun_703,SVK-斯洛伐克,SVK-Slovakia
coun_694,SLE-塞拉利昂,SLE-SierraLeone
coun_674,SMR-圣马力诺,SMR-SanMarino
coun_686,SEN-塞内加尔,SEN-Senegal
coun_706,SOM-索马里,SOM-Somalia
coun_740,SUR-苏里南,SUR-Suriname
coun_728,SSD-南苏丹,SSD-SouthSudan
coun_678,STP-圣多美和普林西比,STP-SaoTome&Principe
coun_222,SLV-萨尔瓦多,SLV-ElSalvador
coun_760,SYR-叙利亚,SYR-Syria
coun_748,SWZ-斯威士兰,SWZ-Swaziland
coun_796,TCA-特克斯和凯科斯群岛,TCA-Turks&CaicosIslands
coun_148,TCD-乍得,TCD-Chad
coun_260,ATF-法属南部领地,ATF-FrenchSouthernTerritories
coun_768,TGO-多哥,TGO-Togo
coun_764,THA-泰国,THA-Thailand
coun_762,TJK-塔吉克斯坦,TJK-Tajikistan
coun_772,TKL-托克劳,TKL-Tokelau
coun_626,TLS-东帝汶,TLS-Timor-Leste(EastTimor)
coun_795,TKM-土库曼斯坦,TKM-Turkmenistan
coun_788,TUN-突尼斯,TUN-Tunisia
coun_776,TON-汤加,TON-Tonga
coun_792,TUR-土耳其,TUR-Turkey
coun_780,TTO-特立尼达和多巴哥,TTO-Trinidad&Tobago
coun_798,TUV-图瓦卢,TUV-Tuvalu
coun_158,"TWN-台湾","TWN-Taiwan,ProvinceofChina"
coun_834,TZA-坦桑尼亚,TZA-Tanzania
coun_804,UKR-乌克兰,UKR-Ukraine
coun_800,UGA-乌干达,UGA-Uganda
coun_581,UMI-美国本土外小岛屿,UMI-UnitedStatesMinorOutlyingIslands
coun_840,USA-美国,USA-UnitedStatesofAmerica(USA)
coun_858,URY-乌拉圭,URY-Uruguay
coun_860,UZB-乌兹别克斯坦,UZB-Uzbekistan
coun_336,VAT-梵蒂冈,VAT-VaticanCity(TheHolySee)
coun_670,VCT-圣文森特和格林纳丁斯,VCT-St.Vincent&theGrenadines
coun_862,VEN-委内瑞拉,VEN-Venezuela
coun_092,VGB-英属维尔京群岛,VGB-BritishVirginIslands
coun_850,VIR-美属维尔京群岛,VIR-UnitedStatesVirginIslands
coun_704,VNM-越南,VNM-Vietnam
coun_548,VUT-瓦努阿图,VUT-Vanuatu
coun_876,WLF-瓦利斯和富图纳,WLF-WallisandFutuna
coun_882,WSM-萨摩亚,WSM-Samoa
coun_887,YEM-也门,YEM-Yemen
coun_175,MYT-马约特,MYT-Mayotte
coun_710,ZAF-南非,ZAF-SouthAfrica
coun_894,ZMB-赞比亚,ZMB-Zambia
coun_716,ZWE-津巴布韦,ZWE-Zimbabwe
------------------------------------------------以上为国家地区代码 countryCode  end,---------------------,---------------------
------------------------------------------------通用start,---------------------,---------------------
EvoWallet 服务平台,EvoWallet 服务平台,EvoWallet Service Portal
语言,语言,Language
登录,登录,Login
讯联,讯联,CIL Support
机构,机构,Bank
操作,操作,Operation
操作员,操作员,Operator
对象,对象,Object
结果,结果,Result
操作时间,操作时间,Operating time
信息,信息,Information
添加,添加,Add
变更,变更,Modify
新增,新增,Add
删除,删除,Remove
解锁,解锁,Unlock
锁定,锁定,Lock
正常,正常,Normal
状态,状态,Status
请输入...,请输入...,Please enter...
请选择,请选择,Please Select 
格式不正确,格式不正确,Incorrect Format
全选,全选,All
借记卡,借记卡,Debit Card
贷记卡,贷记卡,Credit Card
准贷记卡,准贷记卡,Semi Credit Card
基本,基本,Basic
-请选择-,-请选择-,-Please Select-
-请选择省份-,-请选择省份-,-Please Select Provinces-
没有找到匹配项,没有找到匹配项,No Matches Found
搜索中…,搜索中…,Searching...
提交时间,提交时间,Submit Time
创建时间,创建时间,Create Time
更新时间,更新时间,Modify Time
创建者,创建者,Creator
更新者,更新者,Modify Operator
卡号,卡号,Card No.
没有数据,没有数据,No data
查询,查询,Search
关闭,关闭,Close
提交,提交,Submit
保存,保存,Save
取消,取消,Cancel
确认,确认,Confirm
确定,确定,Confirm
上传,上传,Upload
下载,下载,Download
重置,重置,Reset
清除,清除,Reset
处理,处理,Operation
是,是,YES
否,否,NO
true,是,YES
false,否,NO
返回,返回,Back
手工,手工,Manual
详细,详细,Details
详情,详情,Details
更多,更多,More
更多详情,更多详情,More
附言,附言,Remarks
备注,备注,Remarks
或,或,Or
编辑,编辑,Modify
修改,修改,Modify
修改成功,修改成功,Operation succeeded
成功,成功,Success
操作已完成,操作已完成,Operation Completed
其它,其它,Other
历史记录,历史记录,History
显示位置,显示位置,Display Location
请求错误,请求错误,Bad Request
用户需要登录,用户需要登录,Unauthorized
用户没有权限访问,用户没有权限访问,Forbidden
资源不存在,资源不存在,Not Found
请求的格式有误,请求的格式有误,Unacceptable Request Format
请求的资源暂不可用,请求的资源暂不可用,Service Gone
当创建一个对象时，发生一个验证错误,当创建一个对象时，发生一个验证错误,Unprocessable Entity
系统忙请稍后再试,"系统忙请稍后再试","The system is busy, please try again later"
未找到服务,未找到服务,Service Not Found
网关错误,网关错误,Bad Gateway
服务不可用，服务器暂时过载或维护,服务不可用，服务器暂时过载或维护,Service Unavailable
网关超时,网关超时,Gateway Timeout
退出,退出,Logout
共,共,Total
条,条,items
Token,Token,Token
Token历史,Token历史,Token History 
Token信息,Token信息,Token Information
挂失,挂失,Report Lost or Stolen Card
绑定,绑定,Bind
绑定账号,绑定账号,Bound Account
绑定卡号,绑定卡号,Bound Card
流程中,流程中,In Process
消费,消费,Consume
撤销,撤销,Cancel
注销,注销,Cancellation
销卡,销卡,Cancel Card
退货,退货,Return Purchase
实时,实时,Online
批量,批量,Batch
月,月,Month
路由名称,路由名称,Router Name
用户信息,用户信息,User Information
用户历史,用户历史,User History
绑定日期,绑定日期,Binding Date
请输入,请输入,Please Enter
反馈,反馈,Feddback
变更信息,变更信息,Modify Information
变更后,变更后,After
变更前,变更前,Before
取消变更,取消变更,Cancel
确定变更,确定变更,Confirm
确定新增,确定新增,Confirm
已制卡,已制卡,Card Produced
发卡机构号码,发卡机构号码,Bank Number
证件号,证件号,Credential Number
身份证,身份证,Identity Card
军官证,军官证,Officer Identity Card
护照,护照,Passport
港澳居民来往内地通行证（回乡证）,港澳居民来往内地通行证（回乡证）,Hong Kong & Macau Residence Pass to Mainland
台湾同胞来往内地通行证（台胞证）,台湾同胞来往内地通行证（台胞证）,Taiwan Residence Pass to Mainland
警官证,警官证,Police Identity Card
士兵证,士兵证,Soldier Certificate
户口薄,户口薄,Household Register
临时身份证,临时身份证,Temporary ID Card
外国人居留证,外国人居留证,Residence Permit
其他证件,其他证件,Other Documents
其他信息,其他信息,Other Information
卡片信息,卡片信息,Card Information
卡片号码,卡片号码,Card Number
卡片状态,卡片状态,Card Status
分配新卡,分配新卡,Allocate New Card
卡片金额,卡片金额,Card Balance
账户卡号,账户卡号,Account Card Number
冻结余额,冻结余额,Frozen Balance
确定是否要注销该卡片吗？,确定是否要注销该卡片吗？,Confirm to cancel following card.
确定是否要锁定该卡片吗？,确定是否要锁定该卡片吗？,Confirm to lock following card.
确定是否要解锁该卡片吗？,确定是否要解锁该卡片吗？,Confirm to unlock following card.
确定是否要挂失该卡片吗？,确定是否要挂失该卡片吗？,Confirm to report following card loss.
确定是否要补办该卡片吗？,确定是否要补办该卡片吗？,Confirm to reissue following card.
确定是否要取消挂失该卡片吗？,确定是否要取消挂失该卡片吗？,Confirm to cancel card loss report.
账户ID,账户ID,Account ID
账户名称,账户名称,Account Name
账户状态,账户状态,Account Status
账户信息,账户信息,Account Info.
卡BIN,卡BIN,Card BIN
于,于,to
日期,日期,Time
数量,数量,Number
------------------------------------------------通用end,---------------------,---------------------
------------------------------------------------系统管理start,---------------------,---------------------
首页,首页,Home
用户中心,用户中心,User Center
用户管理,用户管理,User Mgt.
角色管理,角色管理,Role Mgt.
菜单管理,菜单管理,Menu Mgt.
修改密码,修改密码,Modify Password
系统配置,系统配置,System Config
发卡机构管理,发卡机构管理,Bank ID Mgt.
QR客户端配置,QR客户端配置,QR Client Cfg.
QR服务端配置,QR服务端配置,QR Server Cfg.
QR发卡配置,QR发卡配置,QR Issuer Cfg.
QR客户端管理,QR客户端管理,QR Client Mgt.
日志管理,日志管理,Log Search
联机日志,联机日志,Online Log
清分日志,清分日志,Settle Log
平台日志,平台日志,Plat Log
APP管理,APP管理,App Mgt.
交易查询,交易查询,Trx Search
报表管理,报表管理,Report Mgt.
QR服务端管理,QR服务端管理,QR Server Mgt.
渠道参数管理,渠道参数管理,Channel Param Mgt.
渠道机构配置,渠道机构配置,Inst. Cfg.
渠道类型,渠道类型,Channel Type
渠道路由配置,渠道路由配置,Router Cfg.
发卡系统管理,发卡系统管理,Issuer Mgt.
用户名称,用户名称,User Name
密码,密码,Password
初始密码,初始密码,Initial password
初始密码为,初始密码为,The initial password is
验证码,验证码,Verification Code
联系方式,联系方式,Contact TEL.
用户类型,用户类型,User Type
用户状态,用户状态,User Status
添加用户,添加用户,Add User
条件分页查询用户,条件分页查询用户,Search User
分配角色,分配角色,Role Distrb.
不能修改他人创建的角色,不能修改他人创建的角色,Cannot modify roles created by other users
为用户分配角色,为用户分配角色,Role Distrb.
查询自己拥有的角色,查询自己拥有的角色,Search own role
查询用户拥有的角色,查询用户拥有的角色,Search User's role
重置密码,重置密码,Reset Password
变更用户信息,变更用户信息,Modify User
查询用户明细,查询用户明细,Search User Details
删除用户,删除用户,Remove User
确认删除用户,确认删除用户,Confirm remove User
确认锁定用户,确认锁定用户,Confirm lock User
角色,角色,Role
角色名称,角色名称,Role Name
描述,描述,Description
分页查询角色,分页查询角色,Search role
分配权限,分配权限,Assign Permission
为角色分配用权限,为角色分配用权限,Assign Permission
查询角色拥有的权限,查询角色拥有的权限,Search Permission
添加角色,添加角色,Add Role
角色是否存在,角色是否存在,Does Role Exist?
变更角色信息,变更角色信息,Modify Role
角色信息,角色信息,Role Information
审核详情,审核详情,Approval Details
删除角色,删除角色,Remove Role
菜单查询,菜单查询,Menu
未授权,未授权,Unauthorized
名称,名称,Name
级别,级别,Level
菜单名称,菜单名称,Menu Name
支持方法,支持方法,Http Method
验证码错误,验证码错误,Incorrect Verification Code
错误！,错误！,Error ！
未登录,未登录,Not Logged In
参数错误,参数错误,Parameter Error
权限不足,权限不足,Unauthorized
未知错误,未知错误,Unknown Exception
内部错误,内部错误,Internal Server Error
用户名称不存在,用户名称不存在,User does not exist
用户名称或密码不正确,用户名称或密码不正确,Username or Password is not correct
用户名或密码不正确,用户名或密码不正确,Username or Password is not correct
用户已锁定,用户已锁定,User is locked
短信发送失败,短信发送失败,Failed to send SMS
原密码不正确,原密码不正确,Old password is not correct
密码不正确,还剩1次机会,"密码不正确,还剩1次机会","Password is not correct,There's only 1 chance left."
密码不正确,还剩2次机会,"密码不正确,还剩2次机会","Password is not correct,There's only 2 chance left."
密码不正确,还剩3次机会,"密码不正确,还剩3次机会","Password is not correct,There's only 3 chance left."
密码不正确,还剩4次机会,"密码不正确,还剩4次机会","Password is not correct,There's only 4 chance left."
密码已过期,请点击登录界面的[忘记密码],"密码已过期,请点击登录界面的[忘记密码]","Password has expired, please click [Forgot Password] on Login Page"
密码错误次数过多,请联系管理员,"密码错误次数过多,请联系管理员","Too Many Attempts, Please contact the administrator."
此账号已在其他地方登录，即将退出登录！,此账号已在其他地方登录，即将退出登录！,This account has been logged in elsewhere and will soon be logged out!
您的用户长期未使用，为了账户安全，目前账户已锁定，请联系管理员,"您的用户长期未使用，为了账户安全，目前账户已锁定，请联系管理员","Your user has not been used for a long time. For account security, the account is locked now. Please contact the administrator."
不能重复添加,不能重复添加,This item can not be added repeatedly
不允许修改,不允许修改,This item is not allowed to be modified.
与已有记录冲突,与已有记录冲突,Conflict with existing records
确认重置,确认重置,Confirm to reset the password of 
的密码吗？,的密码吗？,?
吗？,吗？,?
添加成功默认密码为,"添加成功默认密码为","Success! the default password is {{pwd}}。"
密码重置成功，已重置为,"密码重置成功，已重置为","Reset successfully, the new password is "
重置成功,重置成功,Reset successfully
密码重置为,密码重置为,The new password is
确定是否要重置如下密码,确定是否要重置如下密码,Confirm to reset the password.
角色已存在,角色已存在,Role already exists
角色类型不能为空,角色类型不能为空,Role type cannot be empty
表单没有改变,表单没有改变,Form has not changed
表单不正确,表单不正确,Invalid Form
该号码已经被使用了,该号码已经被使用了,No. has been used
该邮箱已经被占用了,该邮箱已经被占用了,Email already exists
该电话号码已经被使用过了,该电话号码已经被使用过了,Phone No. has been used
该字段不能为空,该字段不能为空,This field cannot be empty
请输入用户名称,请输入用户名称,Please enter User Name!
请输入密码,请输入密码,Please enter Password
请输入验证码,请输入验证码,Please enter verification code
请联系管理员,请联系管理员,Please contact admin
原密码,原密码,Original Password
新密码,新密码,New Password
确认新密码,确认新密码,Confirm New Password
重复新密码,重复新密码,Retype new password
*请输入原密码,*请输入原密码,Please enter the original password.
请输入原密码,请输入原密码,Please enter the original password.
*请输入新密码,*请输入新密码,Please enter the new password.
请输入新密码,必须至少包含数字、小写字母、大写字母中的两种,"请输入新密码,必须至少包含数字、小写字母、大写字母中的两种","At least two types from lower case, upper case or number"
*请重复新密码,*请重复新密码,Please enter the new password again.
请输入重复新密码,请输入重复新密码,Please enter the new password again.
*新密码安全等级低，必须至少包含数字、小写字母、大写字母中的两种,"*新密码安全等级低，必须至少包含数字、小写字母、大写字母中的两种","The security level of the new password is too low. Must contain at least two combinations from numbers, lowercase letters, and uppercase letters."
*两次新密码不相同,*两次新密码不相同,Two new passwords are different
*新密码至少8位,*新密码至少8位,New password must be at least 8 characters long
警告,警告,Warning
请选择serviceId或者url,请选择serviceId或者url,Please choose serviceId or url
电话,电话,Phone No.
邮箱,邮箱,Email
顶级,顶级,Top Level
二级,二级,Second Level
三级,三级,Third Level
权限点,权限点,Permission
初始,初始,initial
------------------------------------------------系统管理end,---------------------,---------------------
------------------------------------------------交易查询start,---------------------,---------------------
交易信息,交易信息,Trx Info
交易报文,交易报文,Trx Message
客户请求 ===>,客户请求 ===>,Customer Request ===>
响应客户 <===,响应客户 <===,Response Customer <===
请求渠道 ===>,请求渠道 ===>,Request Channel ===>
渠道响应 <===,渠道响应 <===,Channel Response <===
收到渠道异步通知 ===>,收到渠道异步通知 ===>,Receive Channel Asynchronous Notification ===>
响应渠道异步通知 <===,响应渠道异步通知 <===,Response Channel Asynchronous Notification  <===
客户,客户,Bank
发卡机构,发卡机构,Bank
机构信息,机构信息,Bank Information
系统ID,系统ID,System ID
订单号,订单号,Order No.
交易时间,交易时间,Trx Time
卡品牌,卡品牌,Card Scheme
交易类型,交易类型,Trx Type
金额,金额,Trx Amt.
币种,币种,Trx Currency
应答码,应答码,Resp. Code
开始时间,开始时间,Start Time
结束时间,结束时间,End Time
外部订单号,外部订单号,External Order No.
渠道订单号,渠道订单号,Channel Order No.
外部交易时间,外部交易时间,External Transaction Time
渠道交易时间,渠道交易时间,Channel Transaction Time
应答详情,应答详情,Response Details
渠道应答码,渠道应答码,Channel Response No.
渠道应答详情,渠道应答详情,Channel Response Details
渠道交易类型,渠道交易类型,Channel Transaction Type
展示交易类型,展示交易类型,Show Transaction Type
清算标识,清算标识,Settlement Mark
渠道消息ID,渠道消息ID,Channel Message ID
借贷记标识,借贷记标识,Debit and Credit Mark
渠道标识,渠道标识,Channel Mark
卡号ID,卡号ID,Card ID
交易,交易,Transaction
交易金额,交易金额,Transaction Amount
交易币种,交易币种,Transaction Currency
机构币种,机构币种,Bank Currency
原交易金额,原交易金额,Original Transaction Amount
折扣金额,折扣金额,Discount Amount
小费,小费,Tips
渠道支付状态,渠道支付状态,Channel Payment Status
清算金额,清算金额,Settlement Amount
拒绝原因,拒绝原因,Refusal Reason
商户号,商户号,Merchant No.
商户名称,商户名称,Merchant Name
终端号,终端号,Terminal No.
凭证号,凭证号,Voucher No.
MCCategory,MCC,MCC
商户额外信息,商户额外信息,Merchant Additional Information
检索参考号,检索参考号,Retrieval Reference No.
发卡行ID,发卡行ID,Issuing Institution ID
发卡行名称,发卡行名称,Issuing Institution Name
收单机构号,收单机构号,Acquiring Institution No.
代理机构号,代理机构号,Agent Institution No.
跟踪号,跟踪号,Trace ID
钱包ID,钱包ID,Wallet ID
设备ID,设备ID,Device ID
关联ID,关联ID,Relation ID
用户ID,用户ID,User ID
系统日期,系统日期,System Date
清算日期,清算日期,Settlement Date
加密pan,加密pan,Encrypt PAN
加密expiryDate,加密expiryDate,Encrypt Expiry Date
加密cvn2,加密cvn2,Encrypt CVN2
加密mobileNo,加密mobileNo,Encrypt Mobile No.
加密name,加密name,Encrypt Name
证件类型,证件类型,Document Type
加密idNo,加密idNo,Encrypt ID No.
加密TOKEN,加密TOKEN,Encrypt Token
客户端通知地址,客户端通知地址,Client Notification Address
TOKEN状态,TOKEN状态,Token Status
开始时间不能大于结束时间,开始时间不能大于结束时间,Starting time should not be greater than ending time.
页码不能大于100000,页码不能大于100000,Page number should not be greater than 100000
------------------------------------------------交易查询end,---------------------,---------------------
------------------------------------------------报表查询start,---------------------,---------------------
报表类型,报表类型,Report Type
报表路径,报表路径,Report Path
报表大小,报表大小,Report Size
报表日期,报表日期,Report Date
报表状态,报表状态,Report Status
报表信息,报表信息,Report Information
更新用户,更新用户,Modify User
报表名称,报表名称,Report Name
大小,大小,Size
------------------------------------------------报表查询end,---------------------,---------------------
------------------------------------------------系统配置start,---------------------,---------------------
序号,序号,Order No.
机构号码,机构号码,Bank ID
机构名称,机构名称,Bank Name
解锁机构,解锁机构,Unlock Bank
删除机构,删除机构,Remove Bank
锁定机构,锁定机构,Lock Bank
基本信息,基本信息,Basic Info
确定要解锁如下记录吗？,确定要解锁如下记录吗？,Confirm to unlock the following record
确定要锁定如下记录吗？,确定要锁定如下记录吗？,Confirm to lock the following record
确定要删除如下记录吗？,确定要删除如下记录吗？,Confirm to remove the following record
确定要注销如下记录吗？,确定要注销如下记录吗？,Confirm to cancel following record.
确定是否要锁定该卡产品吗？,确定是否要锁定该卡产品吗？,Confirm to lock the card product.
确定是否要锁定该机构节点吗？,确定是否要锁定该机构节点吗？,Confirm to lock the bank Node
确定是否要解锁该机构节点吗？,确定是否要解锁该机构节点吗？,Confirm to unlock the bank Node
确定是否要删除该机构节点吗？,确定是否要删除该机构节点吗？,Confirm to remove the bank Node
确定要删除该渠道机构?,确定要删除该渠道机构?,Confirm to remove the channel Ins.
确定要删除该渠道路由?,确定要删除该渠道路由?,Confirm to remove the channel Route
确定是否要锁定该机构吗？,确定是否要锁定该机构吗？,Confirm to lock the bank
确定是否要解锁该机构吗？,确定是否要解锁该机构吗？,Confirm to unlock the bank
确定是否要删除该机构吗？,确定是否要删除该机构吗？,Confirm to remove the bank
确定是否要解锁该卡产品吗？,确定是否要解锁该卡产品吗？,Confirm to unlock the card product.
确定要重置该用户的密码？,确定要重置该用户的密码？,Confirm to reset the user's password
确认制作卡片信息,确认制作卡片信息,Confirm making card information.
机构地址,机构地址,Bank Address
集群ID,集群ID,Cluster ID
钱包名称,钱包名称,Wallet Name
钱包币种,钱包币种,Wallet Currency
卡品牌及手续费,卡品牌及手续费,Card brand & Poundage
清算层级标准,清算层级标准,Settlement level standard
清算模式,清算模式,Settlement Mode
讯联不参与清算,讯联不参与清算,CIL non-participation
讯联参与清算,讯联参与清算,CIL participation
勾兑模式,勾兑模式,Recon Mode
不需要勾兑,不需要勾兑,No Recon
客户端数据为准,客户端数据为准,Client Data Standards
服务端数据为准,服务端数据为准,Server Data Standards
讯联内部勾兑,讯联内部勾兑,CIL Standards
渠道数据勾兑,渠道数据勾兑,Channel Data Standards
计费模式,计费模式,Billing Mode
不计费,不计费,No Billing
计费,计费,Billing
手续费类型,手续费类型,Service Fee Type
手续费,手续费,Service Fee
笔数区间,笔数区间,CountRange
笔数区间: 1-x|x+1-y|y+1-z,笔数区间: 1-x|x+1-y|y+1-z,CountRange: 1-x|x+1-y|y+1-z
单价,单价,Count Price
单价: x|y|z,"单价: x|y|z","Unit Price, example: x|y|z"
费率,费率,Fee Rate
最小值,最小值,Min Value
最大值,最大值,Max Value
卡BIN配置,卡BIN配置,BIN Cfg.
密钥信息,密钥信息,Secret Key Info
按笔收费固定值,按笔收费固定值,Fixed fee per transaction
金额百分比,金额百分比,Amount Percentage
AES秘钥,AES秘钥,AESKey
AppServer公钥,AppServer公钥,AppServer Public Key
机构发卡系统公钥,机构发卡系统公钥,Bank Issuing Public Key
业务联系人,业务联系人,Business Contacts
机构节点,机构节点,Bank Node
新增机构节点,新增机构节点,New Bank Node
微服务名称,微服务名称,MicroService Name
部署位置,部署位置,Deployment location
讯联内部,讯联内部,Within CIL
讯联外部,讯联外部,Outside CIL
ServiceId,服务ID,ServiceId
微服务系统ID,微服务系统ID,Service ID
外部系统地址,外部系统地址,URL
变更机构节点,变更机构节点,Update Bank Node
访问节点,访问节点,Request Node
发卡机构节点管理,发卡机构节点管理,Bank Node Mgt.
模块,模块,Module
------------------------------------------------提示信息,---------------------,---------------------
请输入机构号码,请输入机构号码,Please enter Bank ID
请输入机构名称,请输入机构名称,Please enter Bank Name
请输入机构地址,请输入机构地址,Please enter Bank Address
请输入集群ID,请输入集群ID,Please enter Cluster ID
请输入钱包名称,请输入钱包名称,Please enter Wallet Name
请选择钱包币种,请选择钱包币种,Please choose Wallet Currency
请选择卡品牌,请选择卡品牌,Please choose CardType
请选择清算层级标准,请选择清算层级标准,Please choose Settlement level standard
请选择清算模式,请选择清算模式,Please choose Settlement Model
请选择勾兑模式,请选择勾兑模式,Please choose Recon Mode
请选择计费模式,请选择计费模式,Please choose Billing Mode
请输入手续费费率,请输入手续费费率,Please choose Fee Rate
请输入正确的格式,请输入正确的格式,Please enter the correct format
请输入手续费最小值,请输入手续费最小值,Please enter the Min Fee Rate
请输入手续费最大值,请输入手续费最大值,Please enter the Max Fee Rate
请输入笔数区间,如(1-x|x+1-y|y+1-z),"请输入笔数区间,如(1-x|x+1-y|y+1-z)","Please enter Count Range, for example: 1-x|x+1-y|y+1-z"
请输入正确的格式,如(1-x|x+1-y|y+1-z),"请输入正确的格式,如(1-x|x+1-y|y+1-z)","Please enter the correct format, for example: 1-x|x+1-y|y+1-z"
请输入单价,如(x|y|z),"请输入单价,如(x|y|z)","Please enter Count Price, for example: x|y|z"
请输入正确的格式,如(x|y|z),"请输入正确的格式,如(x|y|z)","Please enter the correct format,for example: x|y|z"
请选择手续费类型,请选择手续费类型,Please choose Poundage Type
请选择模块,请选择模块,Please choose Module
请先选择发卡机构,请先选择发卡机构,Please choose Bank
请输入AES秘钥,请输入AES秘钥,Please choose AESKey
请输入AppServer公钥,请输入AppServer公钥,Please choose AppServer Public Key
请输入机构发卡系统公钥,请输入机构发卡系统公钥,Please choose Issuer Public Key
电话格式不正确,电话格式不正确,Incorrect Phone No. format
邮箱格式不正确,邮箱格式不正确,Incorrect email format
请选择发卡行,请选择发卡行,Please choose Issuer
请选择BIN,请选择BIN,Please choose BIN
请选择发卡机构,请选择发卡机构,Please choose Bank
------------------------------------------------以上为系统配置end,---------------------,---------------------
------------------------------------------------以下为QR客户端start,---------------------,---------------------
锁定用户,锁定用户,Lock user
解锁用户,解锁用户,Unlock user
锁定后该用户将不能进行 QR 相关的任何操作,锁定后该用户将不能进行 QR 相关的任何操作,The user will not be able to perform any QR related operations after locking
解锁后该用户将可以进行 QR 相关的操作,解锁后该用户将可以进行 QR 相关的操作,The user will be able to perform QR related actions after unlocking
锁定后该卡将不能进行 QR 相关的任何操作,锁定后该卡将不能进行 QR 相关的任何操作,The card will not be able to perform any QR related operations after locking
解锁后该卡将可以进行 QR 相关的操作,解锁后该卡将可以进行 QR 相关的操作,The user will be able to perform QR related actions after unlocking
------------------------------------------------以上为QR客户端end,---------------------,---------------------
------------------------------------------------以下为清分批次处理start,---------------------,---------------------
清分管理,清分管理,Settlement Manage
任务日期,任务日期,Task Date
任务编号,任务编号,Task ID
操作模式,操作模式,Operation Mode
首做,首做,Normal Processing
重做,重做,Reprocessing
执行成功,执行成功,Execution Success
刷新时间,刷新时间,Refresh Time
刷新,刷新,Refresh
说明,说明,Description
开始执行时间,开始执行时间,Execution starting time
完成执行时间,完成执行时间,Execution ending time
任务日志,任务日志,Task Log
任务处理,任务处理,Task Handle
未处理,未处理,Untreated
处理中,处理中,Processing
失败,失败,Failed
开始执行,开始执行,Start execution
状态重置,状态重置,Reset status
置为成功,置为成功,Set as success
确定要修改状态,确定要修改状态,Confirm to status to be modified
确定要修改状态吗？,确定要修改状态吗？,Confirm to status to be modified
请选择操作模式,请选择操作模式,Please choose operation Mode
双信息处理,双信息处理,Dual Message Process
客户端交易导入,客户端交易导入,Client transaction import
交易勾对,交易勾对,Transaction Reconciliaiton
交易计费,交易计费,Transaction billing
银联流水导入,银联流水导入,UnionPay file import
交易处理结构,交易处理结构,Transaction processing structure
交易统计,交易统计,Transaction summary
报表生成,报表生成,Report generation
备份清理,备份清理,Backup cleanup
服务端交易导入,服务端交易导入,Server transaction import
------------------------------------------------以上为清分批次处理end,---------------------,---------------------
CUP,UnionPay,UnionPay
UPI,UnionPay,UnionPay
VIS,VISA,VISA
MCC,Mastercard,Mastercard
JCB,Japan Credit Bureau,Japan Credit Bureau
AME,American Express,American Express
DNC,Diners Card,Diners Card
panEnroll,主账号验证,PAN_ENROLLMENT
acctVerify,持卡人验证,ACCOUNT_VERIFICATION
sendingOtp,短信验证,SENDING_OTP
tokenProvide,Token获取,TOKEN_PROVISIONING
cardface,卡面下载,CARDFACE_DOWNLOADING
tokenStateUpdate,Token状态修改,TOKEN_STATE_UPDATE
tokenRequest,Token请求,TOKEN_REQUEST
mpqrcEmv,主扫EMV码支付,MPQRC_PAYMENT_EMV
qrcInquiry,商户信息查询,QRC_INFO_INQUIRY
mpqrcUrl,主扫URL码支付,MPQRC_PAYMENT_URL
cpqrcGen,付款码获取,CPQRC_GENERATION
trxAuth,交易授权请求,ADDITIONAL_PROCESSING
trxAuthResult,交易授权结果,ADDITIONAL_PROCESSING_RESULT
trxInquiry,交易结果查询,TRANS_INQUIRY
cpqrcPayment,被扫支付,CPQRC_PAYMENT
qrRefund,扫码交易退货,REFUND_PAYMENT
qrCancel,扫码交易取消,CANCELLED_PAYMENT
cardRegister,卡账户注册,ENABLE_PAYMENT
cardUnregister,卡账户注销,DISABLE_PAYMENT
accountCreate,账户创建,ACCOUNT_CREATE
cardApply,卡片申请,CARD_APPLY
cardDelete,卡片删除,CARD_DELETE
cardBind,卡片绑定,CARD_BIND
cardActive,卡片激活,CARD_ACTIVE
cardStateUpdate,卡片状态修改,CARD_STATE_UPDATE
cardInquiry,卡片信息查询,CARD_INQUIRY
acctStateUpdate,账户状态修改,ACCOUNT_STATE_UPDATE
acctInquiry,账户信息查询,ACCOUNT_INQUIRY
cardRecharge,卡片余额充值,CARD_RECHARGE
cardDeduct,卡片余额扣减,CARD_DEDUCT
purchase,卡片消费,PURCHASE
void,卡片消费撤销,VOID
preAuth,卡片预授权,PRE_AUTHORIZATION
preAuthVoid,卡片预授权撤销,PRE_AUTHORIZATION_VOID
preAuthComp,卡片预授权完成,PRE_AUTHORIZATION_COMPLETE
preAuthCompVoid,卡片预授权完成撤销,PRE_AUTHORIZATION_COMPLETE_VOID
cardRefund,卡片退货,CARD_REFUND
cardCash,卡片取现,CARD_CASH
balanceInquiry,卡片余额查询,BALANCE_INQUIRY
reversal,卡片冲正,REVERSAL
卡管理,卡管理,Token Mgt.
Token管理,Token管理,Token Mgt.
手机号,手机号,phone
注册ID,注册ID,register ID
主机,主机,Host
系统,系统,System
消息,消息,Message
时间,时间,Time
类名,类名,Class
方法名,方法名,Method
线程,线程,Thread
日志信息,日志信息,Log Info
渠道机构,渠道机构,Channel Ins.
渠道机构号码,渠道机构号码,Channel Ins. Code
渠道机构名称,渠道机构名称,Channel Ins. Name
支持交易币种,支持交易币种,Support Currency
支持交易类型,支持交易类型,Support TransType
发卡行,发卡行,Issuer
渠道机构路由配置,渠道机构路由配置,Channel Ins. Router Config
路由配置,路由配置,Router Cfg.
机构密钥,机构密钥,Bank Secret Key
渠道密钥,渠道密钥,Channel Secret Key
渠道签名公钥,渠道签名公钥,Channel Signature Public Key Secret
渠道签名证书序列号,渠道签名证书序列号,Channel Signature Certificate Serial No.
渠道加密公钥,渠道加密公钥,Channel Encryption Public Key
渠道加密证书序列号,渠道加密证书序列号,Channel Encryption Certificate Serial No.
机构签名私钥,机构签名私钥,Bank Signature Private Key
机构签名公钥,机构签名公钥,Bank Signature Public Key
机构签名证书序列号,机构签名证书序列号,Bank Signature Certificate Serial No.
机构加密私钥,机构加密私钥,Bank Encryption Private Key
机构加密公钥,机构加密公钥,Bank Encryption Public Key
机构加密证书序列号,机构加密证书序列号,Bank Encryption Certificate Serial No.
参数无效,参数无效,Invalid parameter
null,null,null
------------------------------------------------以上为卡产品库存管理end,---------------------,---------------------
------------------------------------------------以下为制卡管理start,---------------------,---------------------
制卡管理,制卡管理,Card Manufacture
卡产品管理,卡产品管理,Card Product
卡库存管理,卡库存管理,Card Stock
库存,库存,Stock
制卡任务,制卡任务,Manufacturing Process
卡产品名称,卡产品名称,Product Name
发卡币种,发卡币种,Card Currency
卡类型,卡类型,Card Type
卡种类,卡种类,Card Level
制卡方式,制卡方式,Producation Method
产品状态,产品状态,Product Status
发行地区,发行地区,Issue Area
卡组织BIN,卡组织BIN,Card Scheme BIN
自定义BIN,自定义BIN,Custom BIN
操作记录,操作记录,Operation Record
卡介质,卡介质,Card Medium
有效时长,有效时长,Effective Duration
风险,风险,Risk Management
卡长度,卡长度,Card Length
产品信息,产品信息,Card Product Information
进度,进度,Progess
任务状态,任务状态,Task Status
请选择机构名称,请选择机构名称,Please Select Bank Name
请输入卡产品名称,请输入卡产品名称,Please Enter Card Product Name
请输入发行地区,请输入发行地区,Please Enter Issue Area
请选择发卡币种,请选择发卡币种,Please Select Card Currency
请输入卡组织BIN,请输入卡组织BIN,Please Enter Card Scheme BIN
请输入自定义BIN,请输入自定义BIN,Please Enter Custom BIN
请选择卡类型,请选择卡类型,Please Select Card Type
请选择卡种类,请选择卡种类,Please Select Card Level
请选择卡介质,请选择卡介质,Please Select Card Medium
请输入有效时长,请输入有效时长,Please Enter Effective Duration
请选择制卡方式,请选择制卡方式,Please Select Card Production Method
创建日期,创建日期,Creation Date
------------------------------------------------以上为制卡管理end,---------------------,---------------------
------------------------------------------------以下为持卡人管理start,---------------------,---------------------
账户管理,账户管理,Account Mgt.
卡片管理,卡片管理,Card Mgt.
卡片币种,卡片币种,Card Currency
卡片余额,卡片余额,Card Balance
冻结金额,冻结金额,Frozen Amount
卡片类型,卡片类型,Card Type
可用金额,可用金额,Available Balance
审核状态,审核状态,Approval Status
激活日期,激活日期,Activation Date
有效期,有效期,Expiry Date
交易记录,交易记录,Transaction Record
充值记录,充值记录,Recharge Record
历史信息,历史信息,History Information
下一步,下一步,NEXT
上一步,上一步,LAST
完成,完成,OK
------------------------------------------------以上为持卡人管理end,---------------------,---------------------
------------------------------------------------以下为审核中心管理start,---------------------,---------------------
对象类型,对象类型,Object Type
对象ID,对象ID,Object ID
审核对象,审核对象,Approval Object
审核,审核,Approval
递交人,递交人,Submitter
审核申请,审核申请,Approval Application
当前状态,当前状态,Current Status
驳回,驳回,Reject
同意,同意,Agree
待审核,待审核,Pending
审核通过,审核通过,Passed
审核退回,审核退回,Rejected
已审核,已审核,Reviewed
未审核,未审核,Unaudited
请审核以下,请审核以下,Please review the following
请求,请求,request
请审核以下新增请求,请审核以下新增请求,Please review the following creat request
请审核以下锁定请求,请审核以下锁定请求,Please review the following lock request
请审核以下解锁请求,请审核以下解锁请求,Please review the following unlock request
请审核以下变更请求,请审核以下变更请求,Please review the following modify request
请审核以下挂失请求,请审核以下挂失请求,Please review the following lost request
请审核以下绑定请求,请审核以下绑定请求,Please review the following bind request
请审核以下删除请求,请审核以下删除请求,Please review the deletion request
请输入1-3位的数字,请输入1-3位的数字,Please enter 1-3 digits
请输入6-9位的数字,请输入6-9位的数字,Please enter 6-9 digits
请输入0-3位的数字,请输入0-3位的数字,Please enter 0-3 digits
请选择发行地区,请选择发行地区,Please Select Issue Area
------------------------------------------------以上为审核中心管理end,---------------------,---------------------
------------------------------------------------以下为统计页面start,---------------------,---------------------
笔数,笔数,Transaction Ammount
30天新账户,30天新账户,Monthly New Accounts
账户总量,账户总量,Total Account
30天新发卡量,30天新发卡量,Monthly Issuance
发卡总量,发卡总量,Total Issuance
所有发卡量,所有发卡量,Total Issuance
卡组织,卡组织,Card Scheme
交易列表,交易列表,Transaction List
全部库存,全部库存,All Stock
制卡,制卡,Manufacture Card
30天发卡量,30天发卡量,Monthly Issuance
30天交易量,30天交易量,Monthly Transaction Volume
当前用户量,当前用户量,Total Users
当前账户量,当前账户量,Total Accounts
QR交易量,QR交易量,QR Transaction Volume
------------------------------------------------以上为统计页面end,---------------------,---------------------
重新提交,重新提交,Resubmit
审核中心,审核中心,Approval Center
QR统计,QR统计,QR Monitor
发卡统计,发卡统计,Issuance Monitor
提示,提示,Warn
审核中,审核中,Under Review
状态审核,状态审核,Status Review
内容审核,内容审核,Content Review
绑定审核,绑定审核,Binding Review
取消挂失,取消挂失,Cancel Lost Report
补办,补办,Replace Card
用户,用户,User
渠道路由,渠道路由,Channel Route
APP用户,APP用户,APP User
卡产品,卡产品,Card Product
卡库存,卡库存,Card Stock
特殊卡,特殊卡,Special Card
账户,账户,Account
卡片,卡片,Card
Evo Wallet 服务平台,Evo Wallet 服务平台,Evo Wallet Service Portal